"Message",Low,".NET 네이티브 컴파일 시작"
"Message",Low,""
"Message",Low,""
"Message",Low,"""Gatekeeper"" 작업"
"Message",Normal,"'C:\Program Files (x86)\Microsoft SDKs\UWPNuGetPackages\runtime.win10-arm.microsoft.net.native.compiler\2.2.10-rel-29722-00\tools\ARM\ilc\ilc.exe --gatekeeper @""C:\Users\ayh07\OneDrive - 숭실대학교 - Soongsil University\바탕 화면\Team502main_final\Team502main\obj\ARM\Release\ilc\intermediate\gkargs.rsp""'을(를) 시작하는 중"
"Message",Low,"Microsoft (R) .NET ����Ƽ�� ����ƮŰ�� ���� 2.2.29722.00 "
"Message",Low,"Copyright (C) Microsoft Corporation.  All rights reserved. "
"Message",Low," "
"Message",Low,"'C:\Users\ayh07\OneDrive - ���Ǵ��б� - Soongsil University\���� ȭ��\Team502main_final\Team502main\obj\ARM\Release\ilc\in\Team502main.exe' �������� Ȯ���ϴ� ���Դϴ�. "
"Message",Normal,"'C:\Program Files (x86)\Microsoft SDKs\UWPNuGetPackages\runtime.win10-arm.microsoft.net.native.compiler\2.2.10-rel-29722-00\tools\ARM\ilc\ilc.exe --gatekeeper @""C:\Users\ayh07\OneDrive - 숭실대학교 - Soongsil University\바탕 화면\Team502main_final\Team502main\obj\ARM\Release\ilc\intermediate\gkargs.rsp""'이(가) 완료되었습니다."
"Message",Normal,"프로세스 실행 통계(밀리초 단위의 모든 시간)"
"Message",Normal,"-----------------------------------------------------------------------------"
"Message",Normal,"실행  |  시작   |   중지   |   종료    | 기간 | 수명 | [슬롯] 이름"
"Message",Normal,"-----------------------------------------------------------------------------"
"Message",Normal,"       0 |       16 |      219 |      375 |      203 |      375 | [0] Gatekeeper"
"Message",Normal,"명령 수:      1"
"Message",Normal,"총 시스템 시간:       375ms"
"Message",Normal,"명령당 시스템 시간: 375ms"
"Message",Normal,"총 기간:          203ms"
"Message",Normal,"총 수명:          375ms"
"Message",Normal,"요청된 DOP:           12"
"Message",Normal,"기간 DOP:            0.5"
"Message",Normal,"수명 DOP:            1.0"
"Message",Low,"""Gatekeeper"" 작업을 실행했습니다."
"Message",Low,"""Preparation"" 파일에 ""RunGatekeeper"" 대상을 빌드했습니다."
"Message",Low,""
"Message",Low,"""Preparation"" 파일에 ""CreateToolchainGeneratedAssembly"" 대상을 빌드했습니다."
"Message",Low,""
"Message",Low,"""PreMergeAssemblyClosure"" 작업"
"Message",Low,"""PreMergeAssemblyClosure"" 작업을 실행했습니다."
"Message",Low,"""Preparation"" 파일에 ""ConstructPreMergeAssemblyClosure"" 대상을 빌드했습니다."
"Message",Low,""
"Message",Low,"""McgReferenceResolveFilePath"" 작업"
"Message",Low,"""McgReferenceResolveFilePath"" 작업을 실행했습니다."
"Message",Low,"""Preparation"" 파일에 ""PreResolveTransforms"" 대상을 빌드했습니다."
"Message",Low,""
"Message",Low,"""ResolveToolchainRequiredAssemblyRoots"" 작업"
"Message",Low,"""ResolveToolchainRequiredAssemblyRoots"" 작업을 실행했습니다."
"Message",Low,"""ILTransformAssemblyClosure"" 작업"
"Message",Low,"""ILTransformAssemblyClosure"" 작업을 실행했습니다."
"Message",Low,"""ResolveToolchainRequiredAssemblyRoots"" 작업"
"Message",Low,"""ResolveToolchainRequiredAssemblyRoots"" 작업을 실행했습니다."
"Message",Low,"""ReducedCopyAssemblyClosure"" 작업"
"Message",Low,"""ReducedCopyAssemblyClosure"" 작업을 실행했습니다."
"Message",Low,"""Preparation"" 파일에 ""ConstructILTransformAssemblyClosure"" 대상을 빌드했습니다."
"Message",Low,"""Preparation"" 프로젝트를 빌드했습니다."
"Message",Low,""
"Message",Low,""
"Message",High,"응용 프로그램 코드 처리"
"Message",Low,"""RunILTransforms"" 작업"
"Message",Normal,"'DumpNativeResources' 변환, 62MB의 힙을 실행하는 중입니다."
"Message",Normal,"'Analysis' 변환, 77MB의 힙을 실행하는 중입니다."
"Message",Low,"77개 모듈을 로드하는 중..."
"Message",Normal,"10 파일에서 가져온 리플렉션 지시문:"
"Message",Normal,"C:\Users\ayh07\OneDrive - 숭실대학교 - Soongsil University\바탕 화면\Team502main_final\Team502main\obj\ARM\Release\ilc\in\Properties\Default.rd.xml"
"Message",Normal,"System.Private.Interop에 포함된 매니페스트: Resources.System.Private.Interop.rd.xml"
"Message",Normal,"System.Private.WinRTInterop.CoreLib에 포함된 매니페스트: Resources.System.Private.WinRTInterop.CoreLib.rd.xml"
"Message",Normal,"System.Runtime.WindowsRuntime.UI.Xaml에 포함된 매니페스트: Resources.System.Runtime.WindowsRuntime.UI.Xaml.rd.xml"
"Message",Normal,"System.ComponentModel.TypeConverter에 포함된 매니페스트: System.ComponentModel.TypeConverter.Resources.System.ComponentModel.TypeConverter.rd.xml"
"Message",Normal,"System.Private.CoreLib에 포함된 매니페스트: Resources.System.Private.CoreLib.rd.xml"
"Message",Normal,"System.Private.Uri에 포함된 매니페스트: Resources.System.Private.Uri.rd.xml"
"Message",Normal,"System.Private.Reflection.Core에 포함된 매니페스트: System.Private.Reflection.Core.rd.xml"
"Message",Normal,"System.Runtime.Serialization.Formatters에 포함된 매니페스트: System.Runtime.Serialization.Formatters.Resources.System.Runtime.Serialization.Formatters.rd.xml"
"Message",Normal,"System.Net.Primitives에 포함된 매니페스트: Resources.System.Net.Primitives.rd.xml"
"Message",Normal,"1 파일에서 가져온 XAML 루트:"
"Message",Normal,"C:\Users\ayh07\OneDrive - 숭실대학교 - Soongsil University\바탕 화면\Team502main_final\Team502main\obj\ARM\Release\ilc\in\Team502main.xr.xml"
"Message",Normal,"'Mcg' 변환, 152MB의 힙을 실행하는 중입니다."
"Message",High,"응용 프로그램 종료 계산 및 interop 코드 생성"
"Message",High,"  77개 모듈을 로드하는 중..."
"Message",Normal,"          [DllImport(ExactSpelling=true)]가 포함된 P/Invoke 'RhpGetFuncEvalParameterBufferSize'이(가) '[MRT]!RhpGetFuncEvalParameterBufferSize'(으)로 확인되었습니다."
"Message",Normal,"          [DllImport(ExactSpelling=true)]가 포함된 P/Invoke 'RhpGetFuncEvalMode'이(가) '[MRT]!RhpGetFuncEvalMode'(으)로 확인되었습니다."
"Message",Normal,"          [DllImport(ExactSpelling=true)]가 포함된 P/Invoke 'RhpRecordDebuggeeInitiatedHandle'이(가) '[MRT]!RhpRecordDebuggeeInitiatedHandle'(으)로 확인되었습니다."
"Message",Normal,"          [DllImport(ExactSpelling=true)]가 포함된 P/Invoke 'RhpVerifyDebuggerCleanup'이(가) '[MRT]!RhpVerifyDebuggerCleanup'(으)로 확인되었습니다."
"Message",Normal,"          [DllImport(ExactSpelling=true)]가 포함된 P/Invoke 'RhpGetCurrentThread'이(가) '[MRT]!RhpGetCurrentThread'(으)로 확인되었습니다."
"Message",Normal,"          [DllImport(ExactSpelling=true)]가 포함된 P/Invoke 'RhWaitForPendingFinalizers'이(가) '[MRT]!RhWaitForPendingFinalizers'(으)로 확인되었습니다."
"Message",Normal,"          [DllImport(ExactSpelling=true)]가 포함된 P/Invoke 'RhYield'이(가) '[MRT]!RhYield'(으)로 확인되었습니다."
"Message",Normal,"          [DllImport(ExactSpelling=true)]가 포함된 P/Invoke 'RhFlushProcessWriteBuffers'이(가) '[MRT]!RhFlushProcessWriteBuffers'(으)로 확인되었습니다."
"Message",Normal,"          [DllImport(ExactSpelling=true)]가 포함된 P/Invoke 'RhCompatibleReentrantWaitAny'이(가) '[MRT]!RhCompatibleReentrantWaitAny'(으)로 확인되었습니다."
"Message",Normal,"          [DllImport(ExactSpelling=true)]가 포함된 P/Invoke 'RhCallDescrWorker'이(가) '[MRT]!RhCallDescrWorker'(으)로 확인되었습니다."
"Message",Normal,"          [DllImport(ExactSpelling=true)]가 포함된 P/Invoke '_ecvt_s'이(가) '[MRT]!_ecvt_s'(으)로 확인되었습니다."
"Message",Normal,"          [DllImport(ExactSpelling=true)]가 포함된 P/Invoke 'memmove'이(가) '[MRT]!memmove'(으)로 확인되었습니다."
"Message",Normal,"          [DllImport(ExactSpelling=true)]가 포함된 P/Invoke 'memset'이(가) '[MRT]!memset'(으)로 확인되었습니다."
"Message",Normal,"          [DllImport(ExactSpelling=true)]가 포함된 P/Invoke 'CallingConventionConverter_GetStubs'이(가) '*!CallingConventionConverter_GetStubs'(으)로 확인되었습니다."
"Message",Normal,"          [DllImport(ExactSpelling=true)]가 포함된 P/Invoke 'CallingConventionConverter_SpecifyCommonStubData'이(가) '*!CallingConventionConverter_SpecifyCommonStubData'(으)로 확인되었습니다."
"Message",Normal,"          P/Invoke 'WindowsCreateStringReference'이(가) 'SupportedAPIs.xml'의 'WindowsCreateStringReference!api-ms-win-core-winrt-string-l1-1-0.dll'(으)로 확인되었습니다."
"Message",Normal,"          P/Invoke 'GetLastError'이(가) 'SupportedAPIs.xml'의 'GetLastError!api-ms-win-core-errorhandling-l1-1-0.dll'(으)로 확인되었습니다."
"Message",Normal,"          P/Invoke 'SetLastError'이(가) 'SupportedAPIs.xml'의 'SetLastError!api-ms-win-core-errorhandling-l1-1-0.dll'(으)로 확인되었습니다."
"Message",Normal,"          P/Invoke 'RoInitialize'이(가) 'SupportedAPIs.xml'의 'RoInitialize!api-ms-win-core-winrt-l1-1-0.dll'(으)로 확인되었습니다."
"Message",Normal,"          P/Invoke 'IsValidLocaleName'이(가) 'SupportedAPIs.xml'의 'IsValidLocaleName!api-ms-win-core-localization-l1-2-0.dll'(으)로 확인되었습니다."
"Message",Normal,"          P/Invoke 'ResolveLocaleName'이(가) 'SupportedAPIs.xml'의 'ResolveLocaleName!api-ms-win-core-localization-l1-2-0.dll'(으)로 확인되었습니다."
"Message",Normal,"          P/Invoke 'CertDuplicateCertificateContext'이(가) 'SupportedAPIs.xml'의 'CertDuplicateCertificateContext!crypt32.dll'(으)로 확인되었습니다."
"Message",Normal,"          P/Invoke 'CertGetCertificateContextProperty'이(가) 'SupportedAPIs.xml'의 'CertGetCertificateContextProperty!crypt32.dll'(으)로 확인되었습니다."
"Message",Normal,"          P/Invoke 'GetCPInfoExW'이(가) 'SupportedAPIs.xml'의 'GetCPInfoExW!kernel32.dll'(으)로 확인되었습니다."
"Message",Normal,"          P/Invoke 'CryptQueryObject'이(가) 'SupportedAPIs.xml'의 'CryptQueryObject!crypt32.dll'(으)로 확인되었습니다."
"Message",Normal,"          P/Invoke 'CertDuplicateCertificateContext'이(가) 'SupportedAPIs.xml'의 'CertDuplicateCertificateContext!crypt32.dll'(으)로 확인되었습니다."
"Message",Normal,"          P/Invoke 'CertFreeCertificateContext'이(가) 'SupportedAPIs.xml'의 'CertFreeCertificateContext!crypt32.dll'(으)로 확인되었습니다."
"Message",Normal,"          P/Invoke 'CryptMsgGetParam'이(가) 'SupportedAPIs.xml'의 'CryptMsgGetParam!crypt32.dll'(으)로 확인되었습니다."
"Message",Normal,"          P/Invoke 'CryptMsgGetParam'이(가) 'SupportedAPIs.xml'의 'CryptMsgGetParam!crypt32.dll'(으)로 확인되었습니다."
"Message",Normal,"          P/Invoke 'PFXImportCertStore'이(가) 'SupportedAPIs.xml'의 'PFXImportCertStore!crypt32.dll'(으)로 확인되었습니다."
"Message",Normal,"          P/Invoke 'CryptFindOIDInfo'이(가) 'SupportedAPIs.xml'의 'CryptFindOIDInfo!crypt32.dll'(으)로 확인되었습니다."
"Message",Normal,"          P/Invoke 'CoCreateInstance'이(가) 'SupportedAPIs.xml'의 'CoCreateInstance!api-ms-win-core-com-l1-1-0.dll'(으)로 확인되었습니다."
"Message",Normal,"          P/Invoke 'CertGetCertificateContextProperty'이(가) 'SupportedAPIs.xml'의 'CertGetCertificateContextProperty!crypt32.dll'(으)로 확인되었습니다."
"Message",Normal,"          P/Invoke 'CertCloseStore'이(가) 'SupportedAPIs.xml'의 'CertCloseStore!crypt32.dll'(으)로 확인되었습니다."
"Message",Normal,"          P/Invoke 'CryptMsgClose'이(가) 'SupportedAPIs.xml'의 'CryptMsgClose!crypt32.dll'(으)로 확인되었습니다."
"Message",Normal,"          P/Invoke 'CertFindCertificateInStore'이(가) 'SupportedAPIs.xml'의 'CertFindCertificateInStore!crypt32.dll'(으)로 확인되었습니다."
"Message",Normal,"          P/Invoke 'CryptAcquireContextW'이(가) 'SupportedAPIs.xml'의 'CryptAcquireContextW!advapi32.dll'(으)로 확인되었습니다."
"Message",Normal,"          P/Invoke 'CertEnumCertificatesInStore'이(가) 'SupportedAPIs.xml'의 'CertEnumCertificatesInStore!crypt32.dll'(으)로 확인되었습니다."
"Message",Normal,"          P/Invoke 'SysFreeString'이(가) 'SupportedAPIs.xml'의 'SysFreeString!OleAut32'(으)로 확인되었습니다."
"Message",Normal,"          P/Invoke 'FormatMessageW'이(가) 'SupportedAPIs.xml'의 'FormatMessageW!kernel32.dll'(으)로 확인되었습니다."
"Message",Normal,"          P/Invoke 'CertGetNameStringW'이(가) 'SupportedAPIs.xml'의 'CertGetNameStringW!crypt32.dll'(으)로 확인되었습니다."
"Message",Normal,"          P/Invoke 'NCryptOpenKey'이(가) 'SupportedAPIs.xml'의 'NCryptOpenKey!ncrypt.dll'(으)로 확인되었습니다."
"Message",Normal,"          P/Invoke 'NCryptDeleteKey'이(가) 'SupportedAPIs.xml'의 'NCryptDeleteKey!ncrypt.dll'(으)로 확인되었습니다."
"Message",Normal,"          P/Invoke 'NCryptOpenStorageProvider'이(가) 'SupportedAPIs.xml'의 'NCryptOpenStorageProvider!ncrypt.dll'(으)로 확인되었습니다."
"Message",Normal,"          P/Invoke 'NCryptFreeObject'이(가) 'SupportedAPIs.xml'의 'NCryptFreeObject!ncrypt.dll'(으)로 확인되었습니다."
"Message",Normal,"          P/Invoke 'FormatMessageW'이(가) 'SupportedAPIs.xml'의 'FormatMessageW!kernel32.dll'(으)로 확인되었습니다."
"Message",Normal,"          P/Invoke 'RoGetBufferMarshaler'이(가) 'SupportedAPIs.xml'의 'RoGetBufferMarshaler!api-ms-win-core-winrt-robuffer-l1-1-0.dll'(으)로 확인되었습니다."
"Message",High,"  코드를 생성하고 있습니다."
"Message",High,"  생성되는 Interop 코드입니다."
"Message",Normal,"  AssemblyInfo.g.cs에 쓰인 코드입니다."
"Message",Normal,"  Adapters.g.cs에 쓰인 코드입니다."
"Message",Normal,"  Data.g.cs에 쓰인 코드입니다."
"Message",Normal,"  Helpers.g.cs에 쓰인 코드입니다."
"Message",Normal,"  ImplTypes.g.cs에 쓰인 코드입니다."
"Message",Normal,"  PInvoke.g.cs에 쓰인 코드입니다."
"Message",Normal,"  SafeTypes.g.cs에 쓰인 코드입니다."
"Message",Normal,"  SharedStubs.g.cs에 쓰인 코드입니다."
"Message",Normal,"'GenerateCodeAndCompile' 변환, 196MB의 힙을 실행하는 중입니다."
"Message",High,"interop 코드 컴파일 중"
"Message",Normal,"생성된 소스 코드를 컴파일하는 중: C:\Program Files (x86)\Microsoft SDKs\UWPNuGetPackages\microsoft.net.native.compiler\2.2.10-rel-29722-00\tools\csc\csc.exe /noconfig @""C:\Users\ayh07\OneDrive - 숭실대학교 - Soongsil University\바탕 화면\Team502main_final\Team502main\obj\ARM\Release\ilc\intermediate\Team502main.McgInterop.rsp"""
"Message",High,"System.Reflection.DispatchProxy 프록시 코드를 생성하고 있습니다."
"Message",Normal,"'ReducedCopyInitialize' 변환, 197MB의 힙을 실행하는 중입니다."
"Message",Normal,"'ReducedCopyEmptyTypes' 변환, 165MB의 힙을 실행하는 중입니다."
"Message",Normal,"'ReducedCopyPopulateTypes' 변환, 167MB의 힙을 실행하는 중입니다."
"Message",Normal,"'ReducedCopyLateMetadata' 변환, 178MB의 힙을 실행하는 중입니다."
"Message",Normal,"'ReducedCopyPassResourcesToMutableAssembly' 변환, 191MB의 힙을 실행하는 중입니다."
"Message",Normal,"'ReducedCopyMethodBodies' 변환, 191MB의 힙을 실행하는 중입니다."
"Message",Normal,"'ReducedCopyComplete' 변환, 182MB의 힙을 실행하는 중입니다."
"Message",Normal,"'ReducedCopyCleanup' 변환, 187MB의 힙을 실행하는 중입니다."
"Message",Normal,"'DeveloperExperienceModeOnlyCodeRemover' 변환, 187MB의 힙을 실행하는 중입니다."
"Message",Normal,"'ComImportDetector' 변환, 187MB의 힙을 실행하는 중입니다."
"Message",Normal,"'McgAccessor' 변환, 187MB의 힙을 실행하는 중입니다."
"Message",Normal,"'McgRedirect' 변환, 188MB의 힙을 실행하는 중입니다."
"Message",Normal,"'McgRedirect' 변환, 190MB의 힙을 실행하는 중입니다."
"Message",Normal,"'McgTypeOf' 변환, 190MB의 힙을 실행하는 중입니다."
"Message",Normal,"'EventSource' 변환, 194MB의 힙을 실행하는 중입니다."
"Message",Normal,"'ValueType' 변환, 194MB의 힙을 실행하는 중입니다."
"Message",Normal,"'Attribute' 변환, 194MB의 힙을 실행하는 중입니다."
"Message",Normal,"'GetType' 변환, 194MB의 힙을 실행하는 중입니다."
"Message",Normal,"'McgFixups' 변환, 195MB의 힙을 실행하는 중입니다."
"Message",Normal,"'ResourceManagerCtor' 변환, 195MB의 힙을 실행하는 중입니다."
"Message",Normal,"'TypeofTypeHandle' 변환, 195MB의 힙을 실행하는 중입니다."
"Message",Normal,"'DispatchProxyIntrinsics' 변환, 199MB의 힙을 실행하는 중입니다."
"Message",Normal,"'StaticInitData' 변환, 199MB의 힙을 실행하는 중입니다."
"Message",Normal,"'Delegate' 변환, 205MB의 힙을 실행하는 중입니다."
"Message",Normal,"'LazyGenerics' 변환, 206MB의 힙을 실행하는 중입니다."
"Message",Normal,"'AddReflectionBlockedAttributes' 변환, 212MB의 힙을 실행하는 중입니다."
"Message",Normal,"'DisableOptimization' 변환, 213MB의 힙을 실행하는 중입니다."
"Message",Normal,"'ResourceExtractor' 변환, 213MB의 힙을 실행하는 중입니다."
"Message",Normal,"'CreateMetadata' 변환, 213MB의 힙을 실행하는 중입니다."
"Message",Normal,"'StartupCodeInjector' 변환, 197MB의 힙을 실행하는 중입니다."
"Message",Normal,"'SaveRVAStatics' 변환, 197MB의 힙을 실행하는 중입니다."
"Message",Normal,"'ReflectionInvoke' 변환, 197MB의 힙을 실행하는 중입니다."
"Message",Normal,"'ScrubOpenCalls' 변환, 198MB의 힙을 실행하는 중입니다."
"Message",Normal,"'ConvertCatchIntoFilter' 변환, 198MB의 힙을 실행하는 중입니다."
"Message",Normal,"'ReflectionMappingInfoEmit' 변환, 198MB의 힙을 실행하는 중입니다."
"Message",Normal,"'ReflectionIntrinsics' 변환, 198MB의 힙을 실행하는 중입니다."
"Message",Normal,"'ConvertManagedWinMD' 변환, 198MB의 힙을 실행하는 중입니다."
"Message",Normal,"'DebuggerGuidedStepThroughJmc' 변환, 198MB의 힙을 실행하는 중입니다."
"Message",Normal,"'Reducer' 변환, 200MB의 힙을 실행하는 중입니다."
"Message",High,"참조되지 않은 코드 정리 중"
"Message",Normal,"'WriteAssemblies' 변환, 212MB의 힙을 실행하는 중입니다."
"Message",Normal,""
"Message",Normal,"변환 요약"
"Message",Normal,"    ms | 힙 델타 | 이름"
"Message",Normal,"  3851 |         75 | Analysis"
"Message",Normal,"  1336 |          1 | GenerateCodeAndCompile"
"Message",Normal,"   486 |         30 | WriteAssemblies"
"Message",Normal,"   409 |         44 | Mcg"
"Message",Normal,"   331 |        -32 | ReducedCopyInitialize"
"Message",Normal,"   266 |          5 | ReducedCopyComplete"
"Message",Normal,"   263 |         12 | Reducer"
"Message",Normal,"   151 |         15 | DumpNativeResources"
"Message",Normal,"    90 |         -9 | ReducedCopyMethodBodies"
"Message",Normal,"    86 |        -16 | CreateMetadata"
"Message",Normal,"    56 |         11 | ReducedCopyPopulateTypes"
"Message",Normal,"    46 |         13 | ReducedCopyLateMetadata"
"Message",Normal,"    38 |          0 | ResourceExtractor"
"Message",Normal,"    35 |          6 | LazyGenerics"
"Message",Normal,"    24 |          6 | StaticInitData"
"Message",Normal,"    22 |          2 | McgRedirect"
"Message",Normal,"    22 |          4 | McgTypeOf"
"Message",Normal,"    22 |          4 | TypeofTypeHandle"
"Message",Normal,"    13 |          0 | McgRedirect"
"Message",Normal,"     9 |          0 | SaveRVAStatics"
"Message",Normal,"     7 |          0 | DispatchProxyIntrinsics"
"Message",Normal,"     5 |          2 | DebuggerGuidedStepThroughJmc"
"Message",Normal,"     5 |          1 | Delegate"
"Message",Normal,"     5 |          2 | ReducedCopyEmptyTypes"
"Message",Normal,"     4 |          1 | GetType"
"Message",Normal,"     4 |          0 | McgFixups"
"Message",Normal,"     2 |          0 | ReflectionIntrinsics"
"Message",Normal,"     2 |          1 | McgAccessor"
"Message",Normal,"     2 |          0 | ScrubOpenCalls"
"Message",Normal,"     1 |          0 | ReducedCopyCleanup"
"Message",Normal,"     1 |          0 | ConvertCatchIntoFilter"
"Message",Normal,"     0 |          0 | ConvertManagedWinMD"
"Message",Normal,"     0 |          0 | ReflectionMappingInfoEmit"
"Message",Normal,"     0 |          1 | ReflectionInvoke"
"Message",Normal,"     0 |          0 | DeveloperExperienceModeOnlyCodeRemover"
"Message",Normal,"     0 |          0 | StartupCodeInjector"
"Message",Normal,"     0 |          0 | ComImportDetector"
"Message",Normal,"     0 |          0 | DisableOptimization"
"Message",Normal,"     0 |          1 | AddReflectionBlockedAttributes"
"Message",Normal,"     0 |          0 | EventSource"
"Message",Normal,"     0 |          0 | ValueType"
"Message",Normal,"     0 |          0 | Attribute"
"Message",Normal,"     0 |          0 | ResourceManagerCtor"
"Message",Normal,"     0 |          0 | ReducedCopyPassResourcesToMutableAssembly"
"Message",Low,"""RunILTransforms"" 작업을 실행했습니다."
"Message",Low,"""ILTransforms"" 파일에 ""RunILTransforms"" 대상을 빌드했습니다."
"Message",Low,"""ILTransforms"" 프로젝트를 빌드했습니다."
"Message",Low,""
"Message",Low,""
"Message",Low,"""Nutc"" 파일에 ""GenerateMDIL"" 대상을 빌드했습니다."
"Message",Low,""
"Message",High,"네이티브 코드를 생성하는 중"
"Message",Low,"""Nutc"" 파일에 ""MDILPrepareMultiFile"" 대상을 빌드했습니다."
"Message",Low,""
"Message",Low,"""Nutc"" 파일에 ""SetBinaryForReferences"" 대상을 빌드했습니다."
"Message",Low,""
"Message",Low,"""GenerateMDILGlobalAnalysis"" 작업"
"Message",Normal,"'C:\Program Files (x86)\Microsoft SDKs\UWPNuGetPackages\runtime.win10-arm.microsoft.net.native.compiler\2.2.10-rel-29722-00\tools\ARM\ilc\Tools\nutc_driver.exe @""C:\Users\ayh07\OneDrive - 숭실대학교 - Soongsil University\바탕 화면\Team502main_final\Team502main\obj\ARM\Release\ilc\intermediate\MDIL\Team502main.rsp""'을(를) 시작하는 중"
"Message",Low,"Microsoft (R) MDIL Compiler - Version 2.2.29722.00"
"Message",Low,"Copyright (c) Microsoft Corporation.  All rights reserved."
"Message",Low,"입력 형식을 검사하는 중"
"Message",Low,"1541개 메서드를 검사하는 중입니다."
"Message",Low,"2710개 메서드를 검사하는 중입니다."
"Message",Low,"1598개 메서드를 검사하는 중입니다."
"Message",Low,"806개 메서드를 검사하는 중입니다."
"Message",Low,"510개 메서드를 검사하는 중입니다."
"Message",Low,"290개 메서드를 검사하는 중입니다."
"Message",Low,"166개 메서드를 검사하는 중입니다."
"Message",Low,"130개 메서드를 검사하는 중입니다."
"Message",Low,"61개 메서드를 검사하는 중입니다."
"Message",Low,"34개 메서드를 검사하는 중입니다."
"Message",Low,"13개 메서드를 검사하는 중입니다."
"Message",Low,"24개 메서드를 검사하는 중입니다."
"Message",Low,"14개 메서드를 검사하는 중입니다."
"Message",Low,"3개 메서드를 검사하는 중입니다."
"Message",Low,"3개 메서드를 검사하는 중입니다."
"Message",Low,"6개 메서드를 검사하는 중입니다."
"Message",Low,"5개 메서드를 검사하는 중입니다."
"Message",Low,"18개 메서드를 검사하는 중입니다."
"Message",Low,"9개 메서드를 검사하는 중입니다."
"Message",Low,"6개 메서드를 검사하는 중입니다."
"Message",Low,"2개 메서드를 검사하는 중입니다."
"Message",Low,"즉시 코드 생성"
"Message",Low,"7949개 메서드를 컴파일하는 중입니다."
"Message",Low,"지연된 코드 생성"
"Message",Low,"관리되는 메서드 Initialize 호출 성공; 종료 코드: 0 CTL을 생성하는 중입니다.스택 추적 메타데이터 통계"
"Message",Low,"내보낸 메서드 수:   3539"
"Message",Low,"메타데이터 Blob 크기:          144494"
"Message",Low,"메서드 RVA - 토큰 맵 크기: 28312"
"Message",Low,"총 원시 크기:           172806"
"Message",Low,"'C:\Users\ayh07\OneDrive - 숭실대학교 - Soongsil University\바탕 화면\Team502main_final\Team502main\obj\ARM\Release\ilc\intermediate\MDIL\Team502main.mdilexe'을(를) 생성했습니다."
"Message",Low,"'C:\Users\ayh07\OneDrive - 숭실대학교 - Soongsil University\바탕 화면\Team502main_final\Team502main\obj\ARM\Release\ilc\intermediate\MDIL\Team502main.mdilpdb'을(를) 생성했습니다."
"Message",Low,"MDIL 코드로 컴파일되었습니다."
"Message",Normal,"'C:\Program Files (x86)\Microsoft SDKs\UWPNuGetPackages\runtime.win10-arm.microsoft.net.native.compiler\2.2.10-rel-29722-00\tools\ARM\ilc\Tools\nutc_driver.exe @""C:\Users\ayh07\OneDrive - 숭실대학교 - Soongsil University\바탕 화면\Team502main_final\Team502main\obj\ARM\Release\ilc\intermediate\MDIL\Team502main.rsp""'이(가) 완료되었습니다."
"Message",Normal,"프로세스 실행 통계(밀리초 단위의 모든 시간)"
"Message",Normal,"-----------------------------------------------------------------------------"
"Message",Normal,"실행  |  시작   |   중지   |   종료    | 기간 | 수명 | [슬롯] 이름"
"Message",Normal,"-----------------------------------------------------------------------------"
"Message",Normal,"       0 |        0 |     4078 |     4078 |     4078 |     4078 | [0] Nutc GlobalAnalysis"
"Message",Normal,"명령 수:      1"
"Message",Normal,"총 시스템 시간:       4093ms"
"Message",Normal,"명령당 시스템 시간: 4093ms"
"Message",Normal,"총 기간:          4078ms"
"Message",Normal,"총 수명:          4078ms"
"Message",Normal,"요청된 DOP:           12"
"Message",Normal,"기간 DOP:            1.0"
"Message",Normal,"수명 DOP:            1.0"
"Message",Low,"""GenerateMDILGlobalAnalysis"" 작업을 실행했습니다."
"Message",Low,"""Nutc"" 파일에 ""GenerateMDILGlobalAnalysis"" 대상을 빌드했습니다."
"Message",Low,""
"Message",Low,"""rc"" 작업"
"Message",Normal,"'C:\Program Files (x86)\Windows Kits\10\bin\10.0.19041.0\x64\rc.exe /c ""65001"" /r /fo ""C:\Users\ayh07\OneDrive - 숭실대학교 - Soongsil University\바탕 화면\Team502main_final\Team502main\obj\ARM\Release\ilc\intermediate\BuildInfo\BuildInfo.res"" ""C:\Users\ayh07\OneDrive - 숭실대학교 - Soongsil University\바탕 화면\Team502main_final\Team502main\obj\ARM\Release\ilc\intermediate\BuildInfo\BuildInfo.rc""'을(를) 시작하는 중"
"Message",Low,"Microsoft (R) Windows (R) Resource Compiler Version 10.0.10011.16384"
"Message",Low,"Copyright (C) Microsoft Corporation.  All rights reserved."
"Message",Normal,"'C:\Program Files (x86)\Windows Kits\10\bin\10.0.19041.0\x64\rc.exe /c ""65001"" /r /fo ""C:\Users\ayh07\OneDrive - 숭실대학교 - Soongsil University\바탕 화면\Team502main_final\Team502main\obj\ARM\Release\ilc\intermediate\BuildInfo\BuildInfo.res"" ""C:\Users\ayh07\OneDrive - 숭실대학교 - Soongsil University\바탕 화면\Team502main_final\Team502main\obj\ARM\Release\ilc\intermediate\BuildInfo\BuildInfo.rc""'이(가) 완료되었습니다."
"Message",Normal,"프로세스 실행 통계(밀리초 단위의 모든 시간)"
"Message",Normal,"-----------------------------------------------------------------------------"
"Message",Normal,"실행  |  시작   |   중지   |   종료    | 기간 | 수명 | [슬롯] 이름"
"Message",Normal,"-----------------------------------------------------------------------------"
"Message",Normal,"       0 |       32 |       79 |       79 |       47 |       79 | [0] rc"
"Message",Normal,"명령 수:      1"
"Message",Normal,"총 시스템 시간:       79ms"
"Message",Normal,"명령당 시스템 시간: 79ms"
"Message",Normal,"총 기간:          47ms"
"Message",Normal,"총 수명:          79ms"
"Message",Normal,"요청된 DOP:           12"
"Message",Normal,"기간 DOP:            0.6"
"Message",Normal,"수명 DOP:            1.0"
"Message",Low,"""rc"" 작업을 실행했습니다."
"Message",Low,"""ResourceBinaryConcatenate"" 작업"
"Message",Normal,"'4' 인수를 사용하여 'C:\Users\ayh07\OneDrive - 숭실대학교 - Soongsil University\바탕 화면\Team502main_final\Team502main\obj\ARM\Release\ilc\intermediate\Native.res'(으)로 연결하는 중입니다."
"Message",Normal," 오프셋 0에서 'C:\Users\ayh07\OneDrive - 숭실대학교 - Soongsil University\바탕 화면\Team502main_final\Team502main\obj\ARM\Release\ilc\intermediate\ILTransformed\Team502main.res'을(를) 추가했습니다."
"Message",Normal," 오프셋 1400에서 'C:\Users\ayh07\OneDrive - 숭실대학교 - Soongsil University\바탕 화면\Team502main_final\Team502main\obj\ARM\Release\ilc\intermediate\BuildInfo\BuildInfo.res'을(를) 추가했습니다."
"Message",Low,"""ResourceBinaryConcatenate"" 작업을 실행했습니다."
"Message",Low,"""Nutc"" 파일에 ""GenerateBuildInfo"" 대상을 빌드했습니다."
"Message",Low,"""Nutc"" 프로젝트를 빌드했습니다."
"Message",Low,""
"Message",Low,""
"Message",Low,"""Binder"" 파일에 ""MDILBindPrepare"" 대상을 빌드했습니다."
"Message",Low,""
"Message",High,"네이티브 코드에 대한 픽스업 생성"
"Message",Low,"""MDILBind"" 작업"
"Message",Normal,"'C:\Program Files (x86)\Microsoft SDKs\UWPNuGetPackages\runtime.win10-arm.microsoft.net.native.compiler\2.2.10-rel-29722-00\tools\ARM\ilc\Tools\rhbind.exe @""C:\Users\ayh07\OneDrive - 숭실대학교 - Soongsil University\바탕 화면\Team502main_final\Team502main\obj\ARM\Release\ilc\intermediate\rhbindargs.Team502main.rsp""'을(를) 시작하는 중"
"Message",Low,"OS 버전: 주: 6  부: 2"
"Message",Low,"MDIL: C:\Users\ayh07\OneDrive - 숭실대학교 - Soongsil University\바탕 화면\Team502main_final\Team502main\obj\ARM\Release\ilc\intermediate\MDIL\Team502main.mdilexe"
"Message",Low,"MDILPDB: C:\Users\ayh07\OneDrive - 숭실대학교 - Soongsil University\바탕 화면\Team502main_final\Team502main\obj\ARM\Release\ilc\intermediate\MDIL\Team502main.mdilpdb"
"Message",Low,"IL: C:\Users\ayh07\OneDrive - 숭실대학교 - Soongsil University\바탕 화면\Team502main_final\Team502main\obj\ARM\Release\ilc\intermediate\MDIL\Team502main.ilexe"
"Message",Low,"NI: C:\Users\ayh07\OneDrive - 숭실대학교 - Soongsil University\바탕 화면\Team502main_final\Team502main\obj\ARM\Release\ilc\intermediate\Native\Team502main.dll"
"Message",Low,"SHIM: C:\Users\ayh07\OneDrive - 숭실대학교 - Soongsil University\바탕 화면\Team502main_final\Team502main\obj\ARM\Release\ilc\intermediate\Native\Team502main.exe"
"Message",Low,"REDHAWK_RUNTIME_DLL_NAME_A=mrt100_app.dll"
"Message",Low,"pdb: C:\Users\ayh07\OneDrive - 숭실대학교 - Soongsil University\바탕 화면\Team502main_final\Team502main\obj\ARM\Release\ilc\intermediate\Native\Team502main.pdb"
"Message",Low,"C:\Users\ayh07\OneDrive - 숭실대학교 - Soongsil University\바탕 화면\Team502main_final\Team502main\obj\ARM\Release\ilc\intermediate\Native\Team502main.dll이(가) 0.374초 후 생성됨"
"Message",Normal,"'C:\Program Files (x86)\Microsoft SDKs\UWPNuGetPackages\runtime.win10-arm.microsoft.net.native.compiler\2.2.10-rel-29722-00\tools\ARM\ilc\Tools\rhbind.exe @""C:\Users\ayh07\OneDrive - 숭실대학교 - Soongsil University\바탕 화면\Team502main_final\Team502main\obj\ARM\Release\ilc\intermediate\rhbindargs.Team502main.rsp""'이(가) 완료되었습니다."
"Message",Normal,"프로세스 실행 통계(밀리초 단위의 모든 시간)"
"Message",Normal,"-----------------------------------------------------------------------------"
"Message",Normal,"실행  |  시작   |   중지   |   종료    | 기간 | 수명 | [슬롯] 이름"
"Message",Normal,"-----------------------------------------------------------------------------"
"Message",Normal,"       0 |        0 |      390 |      390 |      390 |      390 | [0] rhbind Team502main"
"Message",Normal,"명령 수:      1"
"Message",Normal,"총 시스템 시간:       390ms"
"Message",Normal,"명령당 시스템 시간: 390ms"
"Message",Normal,"총 기간:          390ms"
"Message",Normal,"총 수명:          390ms"
"Message",Normal,"요청된 DOP:           12"
"Message",Normal,"기간 DOP:            1.0"
"Message",Normal,"수명 DOP:            1.0"
"Message",Low,"""MDILBind"" 작업을 실행했습니다."
"Message",Low,"""Binder"" 파일에 ""MDILBind"" 대상을 빌드했습니다."
"Message",Low,"""Binder"" 프로젝트를 빌드했습니다."
"Message",Low,""
"Message",Low,""
"Message",Low,"""Deployment"" 파일에 ""CopyNativeExecutablesToOutput"" 대상을 빌드했습니다."
"Message",Low,""
"Message",Low,"""TransformAppxManifest"" 작업"
"Message",Low,"""TransformAppxManifest"" 작업을 실행했습니다."
"Message",Low,"""Deployment"" 파일에 ""TransformAppxManifestAndAddCrt"" 대상을 빌드했습니다."
"Message",Low,""
"Message",Low,"""Deployment"" 파일에 ""CopyPackageResourceFileInRetailBuild"" 대상을 빌드했습니다."
"Message",Low,"""Deployment"" 프로젝트를 빌드했습니다."
"Message",Low,"컴파일이 완료되었습니다."
